Dunya genelinde depremden etkilenen insan sayisi;Entity;Year
200;Afghanistan;1950
0;Afghanistan;1960
90015;Afghanistan;1970
72538;Afghanistan;1980
352293;Afghanistan;1990
107947;Afghanistan;2000
9797;Afghanistan;2010
0;Africa;1900
0;Africa;1910
0;Africa;1920
763;Africa;1930
0;Africa;1940
134278;Africa;1950
92936;Africa;1960
0;Africa;1970
1019446;Africa;1980
18131;Africa;1990
38675;Africa;2000
153003;Africa;2010
0;Albania;1900
0;Albania;1910
0;Albania;1920
3048;Albania;1930
11;Albania;1940
0;Albania;1950
45166;Albania;1960
35;Albania;1970
5695;Albania;1980
210;Albania;1990
15;Albania;2000
207825;Albania;2010
0;Algeria;1910
0;Algeria;1920
0;Algeria;1930
0;Algeria;1940
13425;Algeria;1950
50815;Algeria;1960
0;Algeria;1970
94591;Algeria;1980
30214;Algeria;1990
211095;Algeria;2000
42;Algeria;2010
0;American Samoa;1960
0;American Samoa;1970
0;American Samoa;1980
0;American Samoa;1990
250;American Samoa;2000
0;Angola;1980
0;Angola;1990
0;Angola;2000
0;Angola;2010
0;Anguilla;1910
0;Anguilla;1920
0;Anguilla;1930
0;Anguilla;1940
0;Anguilla;1950
0;Anguilla;1960
0;Anguilla;1970
0;Anguilla;1980
0;Anguilla;1990
0;Anguilla;2000
0;Anguilla;2010
0;Antigua and Barbuda;1950
0;Antigua and Barbuda;1960
0;Antigua and Barbuda;1970
0;Antigua and Barbuda;1980
0;Antigua and Barbuda;1990
0;Antigua and Barbuda;2000
0;Antigua and Barbuda;2010
0;Argentina;1920
0;Argentina;1930
15500;Argentina;1940
0;Argentina;1950
0;Argentina;1960
4010;Argentina;1970
45238;Argentina;1980
0;Argentina;1990
727;Argentina;2000
0;Argentina;2010
0;Armenia;1930
0;Armenia;1940
0;Armenia;1950
0;Armenia;1960
0;Armenia;1970
0;Armenia;1980
1500;Armenia;1990
0;Armenia;2000
0;Armenia;2010
119353;Asia;1900
75841;Asia;1910
448982;Asia;1920
393261;Asia;1930
597658;Asia;1940
241532;Asia;1950
973924;Asia;1960
2677467;Asia;1970
24260413;Asia;1980
21938478;Asia;1990
7892138;Asia;2000
24387998;Asia;2010
0;Australia;1930
0;Australia;1940
0;Australia;1950
429;Australia;1960
0;Australia;1970
2115;Australia;1980
5025;Australia;1990
0;Australia;2000
0;Australia;2010
0;Austria;1950
0;Austria;1960
0;Austria;1970
0;Austria;1980
0;Austria;1990
0;Austria;2000
0;Austria;2010
1754;Azerbaijan;1900
0;Azerbaijan;1910
0;Azerbaijan;1920
0;Azerbaijan;1930
0;Azerbaijan;1940
0;Azerbaijan;1950
0;Azerbaijan;1960
0;Azerbaijan;1970
0;Azerbaijan;1980
709178;Azerbaijan;1990
3294;Azerbaijan;2000
22499;Azerbaijan;2010
0;Bahamas;1920
0;Bahamas;1930
0;Bahamas;1940
0;Bahamas;1950
0;Bahamas;1960
0;Bahamas;1970
0;Bahamas;1980
0;Bahamas;1990
0;Bahamas;2000
0;Bahamas;2010
0;Bangladesh;1900
0;Bangladesh;1910
0;Bangladesh;1920
0;Bangladesh;1930
0;Bangladesh;1940
0;Bangladesh;1950
0;Bangladesh;1960
0;Bangladesh;1970
20;Bangladesh;1980
1540;Bangladesh;1990
3525;Bangladesh;2000
27;Bangladesh;2010
0;Barbados;1950
0;Barbados;1960
0;Barbados;1970
0;Barbados;1980
0;Barbados;1990
1;Barbados;2000
0;Barbados;2010
0;Belarus;1990
0;Belarus;2000
0;Belarus;2010
0;Belgium;1900
0;Belgium;1910
0;Belgium;1920
0;Belgium;1930
0;Belgium;1940
0;Belgium;1950
0;Belgium;1960
0;Belgium;1970
103;Belgium;1980
0;Belgium;1990
0;Belgium;2000
0;Belgium;2010
0;Belize;1930
0;Belize;1940
0;Belize;1950
0;Belize;1960
0;Belize;1970
0;Belize;1980
0;Belize;1990
0;Belize;2000
0;Belize;2010
0;Benin;1960
0;Benin;1970
0;Benin;1980
0;Benin;1990
0;Benin;2000
0;Benin;2010
0;Bermuda;1940
0;Bermuda;1950
0;Bermuda;1960
0;Bermuda;1970
0;Bermuda;1980
0;Bermuda;1990
0;Bermuda;2000
0;Bhutan;1990
44958;Bhutan;2000
20016;Bhutan;2010
0;Bolivia;1960
0;Bolivia;1970
0;Bolivia;1980
1805;Bolivia;1990
0;Bolivia;2000
0;Bolivia;2010
0;Bosnia and Herzegovina;1990
0;Bosnia and Herzegovina;2000
0;Bosnia and Herzegovina;2010
0;Botswana;1960
0;Botswana;1970
0;Botswana;1980
0;Botswana;1990
0;Botswana;2000
0;Botswana;2010
0;Brazil;1940
0;Brazil;1950
0;Brazil;1960
0;Brazil;1970
2300;Brazil;1980
0;Brazil;1990
45105;Brazil;2000
0;Brazil;2010
0;British Virgin Islands;1990
0;British Virgin Islands;2000
0;British Virgin Islands;2010
0;Brunei;1990
0;Bulgaria;1920
0;Bulgaria;1930
0;Bulgaria;1940
0;Bulgaria;1950
0;Bulgaria;1960
45062;Bulgaria;1970
306;Bulgaria;1980
0;Bulgaria;1990
527;Bulgaria;2000
21;Bulgaria;2010
0;Burkina Faso;1910
0;Burkina Faso;1920
0;Burkina Faso;1930
0;Burkina Faso;1940
0;Burkina Faso;1950
0;Burkina Faso;1960
0;Burkina Faso;1970
0;Burkina Faso;1980
0;Burkina Faso;1990
0;Burkina Faso;2000
0;Burkina Faso;2010
0;Burundi;1980
0;Burundi;1990
12;Burundi;2000
0;Burundi;2010
0;Cambodia;1980
0;Cambodia;1990
0;Cambodia;2000
0;Cambodia;2010
0;Cameroon;1970
0;Cameroon;1980
0;Cameroon;1990
0;Cameroon;2000
0;Cameroon;2010
0;Canada;1900
0;Canada;1910
0;Canada;1920
0;Canada;1930
0;Canada;1940
0;Canada;1950
0;Canada;1960
0;Canada;1970
0;Canada;1980
0;Canada;1990
0;Canada;2000
0;Canada;2010
0;Cape Verde;1900
0;Cape Verde;1910
0;Cape Verde;1920
0;Cape Verde;1930
0;Cape Verde;1940
0;Cape Verde;1950
0;Cape Verde;1960
0;Cape Verde;1970
0;Cape Verde;1980
0;Cape Verde;1990
0;Cape Verde;2000
0;Cape Verde;2010
0;Cayman Islands;2000
0;Central African Republic;1970
0;Central African Republic;1980
0;Central African Republic;1990
0;Central African Republic;2000
0;Central African Republic;2010
0;Chad;1910
0;Chad;1920
0;Chad;1930
0;Chad;1940
0;Chad;1950
0;Chad;1960
0;Chad;1970
0;Chad;1980
0;Chad;1990
0;Chad;2000
0;Chad;2010
0;Chile;1900
0;Chile;1910
0;Chile;1920
5850;Chile;1930
45158;Chile;1940
9;Chile;1950
2026356;Chile;1960
2348973;Chile;1970
1488911;Chile;1980
54931;Chile;1990
5280;Chile;2000
3891519;Chile;2010
1000;China;1900
44968;China;1910
135394;China;1920
70726;China;1930
10867;China;1940
153733;China;1950
55895;China;1960
74158;China;1970
181488;China;1980
11846809;China;1990
54743492;China;2000
8166391;China;2010
0;Colombia;1900
0;Colombia;1910
0;Colombia;1920
0;Colombia;1930
0;Colombia;1940
40046;Colombia;1950
4050;Colombia;1960
14648;Colombia;1970
3620;Colombia;1980
1267123;Colombia;1990
10897;Colombia;2000
51251;Colombia;2010
0;Comoros;1900
0;Comoros;1910
0;Comoros;1920
0;Comoros;1930
0;Comoros;1940
0;Comoros;1950
0;Comoros;1960
0;Comoros;1970
0;Comoros;1980
0;Comoros;1990
0;Comoros;2000
1000;Comoros;2010
0;Congo;1960
0;Congo;1970
0;Congo;1980
0;Congo;1990
0;Congo;2000
0;Congo;2010
0;Costa Rica;1910
0;Costa Rica;1920
0;Costa Rica;1930
0;Costa Rica;1940
0;Costa Rica;1950
0;Costa Rica;1960
3745;Costa Rica;1970
5535;Costa Rica;1980
25418;Costa Rica;1990
129033;Costa Rica;2000
762;Costa Rica;2010
0;Cote d'Ivoire;1980
0;Cote d'Ivoire;1990
0;Cote d'Ivoire;2000
0;Cote d'Ivoire;2010
200;Croatia;1990
0;Croatia;2000
0;Croatia;2010
0;Cuba;1920
0;Cuba;1930
0;Cuba;1940
0;Cuba;1950
0;Cuba;1960
8;Cuba;1970
0;Cuba;1980
5869;Cuba;1990
0;Cuba;2000
0;Cuba;2010
260;Cyprus;1950
0;Cyprus;1960
0;Cyprus;1970
0;Cyprus;1980
1865;Cyprus;1990
0;Cyprus;2000
0;Czechia;1990
0;Czechia;2000
0;Czechia;2010
0;Czechoslovakia;1970
0;Czechoslovakia;1980
360;Democratic Republic of Congo;1960
0;Democratic Republic of Congo;1970
0;Democratic Republic of Congo;1980
44957;Democratic Republic of Congo;1990
1886;Democratic Republic of Congo;2000
39;Democratic Republic of Congo;2010
0;Denmark;1970
0;Denmark;1980
0;Denmark;1990
0;Denmark;2000
0;Denmark;2010
0;Djibouti;1970
0;Djibouti;1980
0;Djibouti;1990
0;Djibouti;2000
0;Djibouti;2010
0;Dominica;1930
0;Dominica;1940
0;Dominica;1950
0;Dominica;1960
0;Dominica;1970
0;Dominica;1980
0;Dominica;1990
10;Dominica;2000
0;Dominica;2010
0;Dominican Republic;1930
0;Dominican Republic;1940
0;Dominican Republic;1950
0;Dominican Republic;1960
0;Dominican Republic;1970
0;Dominican Republic;1980
0;Dominican Republic;1990
2015;Dominican Republic;2000
0;Dominican Republic;2010
0;Ecuador;1920
0;Ecuador;1930
10000;Ecuador;1940
0;Ecuador;1950
0;Ecuador;1960
108112;Ecuador;1970
150046;Ecuador;1980
40145;Ecuador;1990
0;Ecuador;2000
389793;Ecuador;2010
0;Egypt;1920
0;Egypt;1930
0;Egypt;1940
45140;Egypt;1950
551;Egypt;1960
0;Egypt;1970
0;Egypt;1980
92718;Egypt;1990
25;Egypt;2000
0;Egypt;2010
0;El Salvador;1930
0;El Salvador;1940
0;El Salvador;1950
13972;El Salvador;1960
0;El Salvador;1970
80250;El Salvador;1980
0;El Salvador;1990
1607771;El Salvador;2000
2659;El Salvador;2010
0;Eritrea;1990
0;Eritrea;2000
0;Estonia;2000
0;Estonia;2010
0;Eswatini;1980
0;Eswatini;1990
0;Eswatini;2000
0;Eswatini;2010
585;Ethiopia;1960
0;Ethiopia;1970
0;Ethiopia;1980
0;Ethiopia;1990
0;Ethiopia;2000
0;Ethiopia;2010
17372;Europe;1900
669;Europe;1910
0;Europe;1920
35689;Europe;1930
46505;Europe;1940
170829;Europe;1950
495174;Europe;1960
1557895;Europe;1970
610695;Europe;1980
219734;Europe;1990
122569;Europe;2000
389121;Europe;2010
0;Fiji;1930
0;Fiji;1940
0;Fiji;1950
0;Fiji;1960
0;Fiji;1970
0;Fiji;1980
0;Fiji;1990
0;Fiji;2000
0;Fiji;2010
0;Finland;1990
0;Finland;2000
0;France;1900
0;France;1910
0;France;1920
0;France;1930
0;France;1940
0;France;1950
110;France;1960
2;France;1970
0;France;1980
0;France;1990
0;France;2000
754;France;2010
0;French Guiana;1990
0;French Guiana;2000
0;French Guiana;2010
0;French Polynesia;1950
0;French Polynesia;1960
0;French Polynesia;1970
0;French Polynesia;1980
0;French Polynesia;1990
0;French Polynesia;2000
0;French Polynesia;2010
0;Gabon;1980
0;Gabon;1990
0;Gabon;2000
0;Gabon;2010
0;Gambia;1910
0;Gambia;1920
0;Gambia;1930
0;Gambia;1940
0;Gambia;1950
0;Gambia;1960
0;Gambia;1970
0;Gambia;1980
0;Gambia;1990
0;Gambia;2000
0;Gambia;2010
375;Georgia;1990
26462;Georgia;2000
0;Georgia;2010
1525;Germany;1990
15;Germany;2000
0;Germany;2010
763;Ghana;1930
0;Ghana;1940
0;Ghana;1950
0;Ghana;1960
0;Ghana;1970
0;Ghana;1980
0;Ghana;1990
0;Ghana;2000
0;Ghana;2010
162;Greece;1900
0;Greece;1910
0;Greece;1920
22641;Greece;1930
46395;Greece;1940
168159;Greece;1950
80827;Greece;1960
60010;Greece;1970
126679;Greece;1980
147781;Greece;1990
4825;Greece;2000
77876;Greece;2010
0;Grenada;1960
0;Grenada;1970
0;Grenada;1980
0;Grenada;1990
0;Grenada;2000
0;Grenada;2010
0;Guadeloupe;1920
0;Guadeloupe;1930
0;Guadeloupe;1940
0;Guadeloupe;1950
0;Guadeloupe;1960
0;Guadeloupe;1970
0;Guadeloupe;1980
0;Guadeloupe;1990
45000;Guadeloupe;2000
0;Guadeloupe;2010
0;Guam;1960
0;Guam;1970
0;Guam;1980
44933;Guam;1990
0;Guam;2000
0;Guatemala;1900
0;Guatemala;1910
0;Guatemala;1920
0;Guatemala;1930
0;Guatemala;1940
0;Guatemala;1950
0;Guatemala;1960
499504;Guatemala;1970
955;Guatemala;1980
2417;Guatemala;1990
44972;Guatemala;2000
1421098;Guatemala;2010
21436;Guinea;1980
0;Guinea;1990
0;Guinea;2000
0;Guinea;2010
0;Guinea-Bissau;1910
0;Guinea-Bissau;1920
0;Guinea-Bissau;1930
0;Guinea-Bissau;1940
0;Guinea-Bissau;1950
0;Guinea-Bissau;1960
0;Guinea-Bissau;1970
0;Guinea-Bissau;1980
0;Guinea-Bissau;1990
0;Guinea-Bissau;2000
0;Guinea-Bissau;2010
0;Guyana;1970
0;Guyana;1980
0;Guyana;1990
0;Guyana;2000
0;Guyana;2010
0;Haiti;1900
0;Haiti;1910
0;Haiti;1920
0;Haiti;1930
0;Haiti;1940
0;Haiti;1950
0;Haiti;1960
0;Haiti;1970
0;Haiti;1980
0;Haiti;1990
0;Haiti;2000
3739336;Haiti;2010
290097;High income;1900
6483;High income;1910
293689;High income;1920
388673;High income;1930
50814;High income;1940
184754;High income;1950
230019;High income;1960
360436;High income;1970
2125414;High income;1980
986142;High income;1990
355099;High income;2000
553000;High income;2010
0;Honduras;1930
0;Honduras;1940
0;Honduras;1950
0;Honduras;1960
0;Honduras;1970
50;Honduras;1980
0;Honduras;1990
52019;Honduras;2000
0;Honduras;2010
0;Hong Kong;1900
0;Hong Kong;1910
0;Hong Kong;1920
0;Hong Kong;1930
0;Hong Kong;1940
0;Hong Kong;1950
0;Hong Kong;1960
0;Hong Kong;1970
0;Hong Kong;1980
0;Hong Kong;1990
0;Hong Kong;2000
0;Hong Kong;2010
0;Hungary;1970
0;Hungary;1980
0;Hungary;1990
0;Hungary;2000
180;Hungary;2010
6;Iceland;1970
0;Iceland;1980
0;Iceland;1990
45188;Iceland;2000
0;Iceland;2010
0;India;1900
0;India;1910
0;India;1920
0;India;1930
0;India;1940
45190;India;1950
52272;India;1960
20;India;1970
20014736;India;1980
719302;India;1990
7133146;India;2000
645928;India;2010
2;Indonesia;1910
1130;Indonesia;1920
9935;Indonesia;1930
16096;Indonesia;1940
3411;Indonesia;1950
40043;Indonesia;1960
574041;Indonesia;1970
103547;Indonesia;1980
544312;Indonesia;1990
7774046;Indonesia;2000
3093428;Indonesia;2010
0;Iran;1900
0;Iran;1910
1121;Iran;1920
0;Iran;1930
600;Iran;1940
15984;Iran;1950
23545;Iran;1960
515194;Iran;1970
65363;Iran;1980
999174;Iran;1990
755084;Iran;2000
346248;Iran;2010
0;Iraq;1950
0;Iraq;1960
0;Iraq;1970
0;Iraq;1980
50;Iraq;1990
0;Iraq;2000
5969;Iraq;2010
0;Ireland;1980
0;Ireland;1990
0;Ireland;2000
0;Ireland;2010
0;Israel;1900
0;Israel;1910
0;Israel;1920
0;Israel;1930
0;Israel;1940
0;Israel;1950
0;Israel;1960
0;Israel;1970
0;Israel;1980
0;Israel;1990
0;Israel;2000
0;Israel;2010
17210;Italy;1900
669;Italy;1910
0;Italy;1920
1000;Italy;1930
0;Italy;1940
0;Italy;1950
85563;Italy;1960
260792;Italy;1970
444621;Italy;1980
41721;Italy;1990
65774;Italy;2000
58226;Italy;2010
9000;Jamaica;1900
0;Jamaica;1910
0;Jamaica;1920
0;Jamaica;1930
0;Jamaica;1940
0;Jamaica;1950
0;Jamaica;1960
0;Jamaica;1970
0;Jamaica;1980
0;Jamaica;1990
0;Jamaica;2000
0;Jamaica;2010
3129;Japan;1900
3186;Japan;1910
293272;Japan;1920
27611;Japan;1930
452349;Japan;1940
556;Japan;1950
38157;Japan;1960
4616;Japan;1970
23939;Japan;1980
562881;Japan;1990
187838;Japan;2000
827227;Japan;2010
0;Jordan;1920
0;Jordan;1930
0;Jordan;1940
0;Jordan;1950
0;Jordan;1960
0;Jordan;1970
0;Jordan;1980
0;Jordan;1990
0;Jordan;2000
0;Jordan;2010
0;Kazakhstan;1910
0;Kazakhstan;1920
0;Kazakhstan;1930
0;Kazakhstan;1940
0;Kazakhstan;1950
0;Kazakhstan;1960
0;Kazakhstan;1970
0;Kazakhstan;1980
0;Kazakhstan;1990
36626;Kazakhstan;2000
0;Kazakhstan;2010
0;Kenya;1960
0;Kenya;1970
0;Kenya;1980
0;Kenya;1990
0;Kenya;2000
0;Kenya;2010
0;Kiribati;1970
0;Kiribati;1980
0;Kiribati;1990
0;Kiribati;2000
0;Kiribati;2010
0;Kuwait;1990
0;Kuwait;2000
0;Kuwait;2010
138036;Kyrgyzstan;1990
16247;Kyrgyzstan;2000
2178;Kyrgyzstan;2010
0;Laos;1960
0;Laos;1970
0;Laos;1980
0;Laos;1990
0;Laos;2000
0;Laos;2010
0;Latvia;1990
0;Latvia;2000
0;Latvia;2010
20;Lebanon;1950
0;Lebanon;1960
0;Lebanon;1970
0;Lebanon;1980
0;Lebanon;1990
0;Lebanon;2000
0;Lebanon;2010
0;Lesotho;1960
0;Lesotho;1970
0;Lesotho;1980
0;Lesotho;1990
0;Lesotho;2000
0;Lesotho;2010
0;Liberia;1980
0;Liberia;1990
0;Liberia;2000
0;Liberia;2010
5375;Libya;1960
0;Libya;1970
0;Libya;1980
0;Libya;1990
0;Libya;2000
0;Libya;2010
0;Lithuania;1990
0;Lithuania;2000
0;Lithuania;2010
0;Low income;1900
0;Low income;1910
0;Low income;1920
0;Low income;1930
0;Low income;1940
200;Low income;1950
9695;Low income;1960
90015;Low income;1970
146074;Low income;1980
450658;Low income;1990
286668;Low income;2000
3856788;Low income;2010
0;Lower middle income;1900
0;Lower middle income;1910
0;Lower middle income;1920
3283;Lower middle income;1930
0;Lower middle income;1940
136598;Lower middle income;1950
291219;Lower middle income;1960
1022064;Lower middle income;1970
22328618;Lower middle income;1980
3235998;Lower middle income;1990
16463521;Lower middle income;2000
1243004;Lower middle income;2010
0;Luxembourg;1980
0;Luxembourg;1990
0;Luxembourg;2000
0;Luxembourg;2010
0;Macao;1990
0;Macao;2000
0;Macao;2010
0;Madagascar;1960
0;Madagascar;1970
0;Madagascar;1980
0;Madagascar;1990
0;Madagascar;2000
0;Madagascar;2010
0;Malawi;1960
0;Malawi;1970
5010;Malawi;1980
0;Malawi;1990
20736;Malawi;2000
0;Malawi;2010
0;Malaysia;1960
0;Malaysia;1970
0;Malaysia;1980
0;Malaysia;1990
5063;Malaysia;2000
1;Malaysia;2010
0;Maldives;1980
0;Maldives;1990
27214;Maldives;2000
0;Maldives;2010
0;Mali;1910
0;Mali;1920
0;Mali;1930
0;Mali;1940
0;Mali;1950
0;Mali;1960
0;Mali;1970
0;Mali;1980
0;Mali;1990
0;Mali;2000
0;Mali;2010
0;Marshall Islands;1990
0;Marshall Islands;2000
0;Marshall Islands;2010
0;Martinique;1900
0;Martinique;1910
0;Martinique;1920
0;Martinique;1930
0;Martinique;1940
0;Martinique;1950
0;Martinique;1960
0;Martinique;1970
0;Martinique;1980
0;Martinique;1990
10;Martinique;2000
0;Martinique;2010
0;Mauritania;1910
0;Mauritania;1920
0;Mauritania;1930
0;Mauritania;1940
0;Mauritania;1950
0;Mauritania;1960
0;Mauritania;1970
0;Mauritania;1980
0;Mauritania;1990
0;Mauritania;2000
0;Mauritania;2010
0;Mauritius;1960
0;Mauritius;1970
0;Mauritius;1980
0;Mauritius;1990
0;Mauritius;2000
0;Mauritius;2010
44959;Mexico;1910
45123;Mexico;1920
212;Mexico;1930
0;Mexico;1940
30;Mexico;1950
450;Mexico;1960
11775;Mexico;1970
2140209;Mexico;1980
22205;Mexico;1990
178604;Mexico;2000
156103;Mexico;2010
0;Micronesia;1980
0;Micronesia;1990
0;Micronesia;2000
0;Micronesia;2010
0;Moldova;1990
0;Moldova;2000
0;Moldova;2010
0;Mongolia;1950
0;Mongolia;1960
0;Mongolia;1970
0;Mongolia;1980
0;Mongolia;1990
0;Mongolia;2000
0;Mongolia;2010
0;Montenegro;2000
0;Montenegro;2010
0;Montserrat;1920
0;Montserrat;1930
0;Montserrat;1940
0;Montserrat;1950
0;Montserrat;1960
0;Montserrat;1970
0;Montserrat;1980
0;Montserrat;1990
0;Montserrat;2000
0;Morocco;1900
0;Morocco;1910
0;Morocco;1920
0;Morocco;1930
0;Morocco;1940
0;Morocco;1950
2500;Morocco;1960
0;Morocco;1970
0;Morocco;1980
0;Morocco;1990
13465;Morocco;2000
0;Morocco;2010
0;Mozambique;1950
0;Mozambique;1960
0;Mozambique;1970
0;Mozambique;1980
0;Mozambique;1990
1476;Mozambique;2000
0;Mozambique;2010
0;Myanmar;1900
0;Myanmar;1910
0;Myanmar;1920
0;Myanmar;1930
0;Myanmar;1940
0;Myanmar;1950
0;Myanmar;1960
0;Myanmar;1970
0;Myanmar;1980
16;Myanmar;1990
1570;Myanmar;2000
23915;Myanmar;2010
0;Namibia;1980
0;Namibia;1990
0;Namibia;2000
0;Namibia;2010
0;Nepal;1950
2010;Nepal;1960
0;Nepal;1970
541616;Nepal;1980
45074;Nepal;1990
0;Nepal;2000
5810099;Nepal;2010
0;Netherlands;1950
0;Netherlands;1960
0;Netherlands;1970
0;Netherlands;1980
2;Netherlands;1990
0;Netherlands;2000
0;Netherlands;2010
0;Netherlands Antilles;1950
0;Netherlands Antilles;1960
0;Netherlands Antilles;1970
0;Netherlands Antilles;1980
0;Netherlands Antilles;1990
0;New Caledonia;1930
0;New Caledonia;1940
0;New Caledonia;1950
0;New Caledonia;1960
0;New Caledonia;1970
0;New Caledonia;1980
0;New Caledonia;1990
0;New Caledonia;2000
0;New Zealand;1910
0;New Zealand;1920
1100;New Zealand;1930
0;New Zealand;1940
0;New Zealand;1950
314;New Zealand;1960
0;New Zealand;1970
7025;New Zealand;1980
0;New Zealand;1990
0;New Zealand;2000
615737;New Zealand;2010
0;Nicaragua;1930
0;Nicaragua;1940
0;Nicaragua;1950
200;Nicaragua;1960
72000;Nicaragua;1970
0;Nicaragua;1980
6417;Nicaragua;1990
7477;Nicaragua;2000
12281;Nicaragua;2010
0;Niger;1900
0;Niger;1910
0;Niger;1920
0;Niger;1930
0;Niger;1940
0;Niger;1950
0;Niger;1960
0;Niger;1970
0;Niger;1980
0;Niger;1990
0;Niger;2000
0;Niger;2010
0;Nigeria;1970
0;Nigeria;1980
0;Nigeria;1990
0;Nigeria;2000
0;Nigeria;2010
174564;North America;1900
44959;North America;1910
45123;North America;1920
212;North America;1930
0;North America;1940
77;North America;1950
14622;North America;1960
5734139;North America;1970
2966392;North America;1980
334938;North America;1990
2010206;North America;2000
6741316;North America;2010
0;North Korea;1980
0;North Korea;1990
0;North Korea;2000
0;North Korea;2010
0;North Macedonia;1990
0;North Macedonia;2000
10;North Macedonia;2010
0;Northern Mariana Islands;2000
0;Northern Mariana Islands;2010
0;Norway;1930
0;Norway;1940
0;Norway;1950
0;Norway;1960
0;Norway;1970
0;Norway;1980
0;Norway;1990
0;Norway;2000
0;Norway;2010
0;Oceania;1910
0;Oceania;1920
1100;Oceania;1930
0;Oceania;1940
0;Oceania;1950
4604;Oceania;1960
10527;Oceania;1970
1464;Oceania;1980
49285;Oceania;1990
22849;Oceania;2000
1174913;Oceania;2010
0;Oman;1970
0;Oman;1980
0;Oman;1990
0;Oman;2000
0;Oman;2010
0;Pakistan;1900
0;Pakistan;1910
0;Pakistan;1920
2500;Pakistan;1930
0;Pakistan;1940
0;Pakistan;1950
0;Pakistan;1960
5520;Pakistan;1970
1558;Pakistan;1980
217901;Pakistan;1990
6286916;Pakistan;2000
835189;Pakistan;2010
0;Palau;2010
0;Palestine;2000
0;Palestine;2010
0;Panama;1960
0;Panama;1970
0;Panama;1980
20096;Panama;1990
1415;Panama;2000
0;Panama;2010
0;Papua New Guinea;1930
0;Papua New Guinea;1940
0;Papua New Guinea;1950
0;Papua New Guinea;1960
402;Papua New Guinea;1970
500;Papua New Guinea;1980
30067;Papua New Guinea;1990
10871;Papua New Guinea;2000
544951;Papua New Guinea;2010
0;Paraguay;1960
0;Paraguay;1970
0;Paraguay;1980
0;Paraguay;1990
0;Paraguay;2000
0;Paraguay;2010
0;Peru;1910
0;Peru;1920
0;Peru;1930
3525;Peru;1940
122;Peru;1950
112192;Peru;1960
4851266;Peru;1970
23851;Peru;1980
233082;Peru;1990
1014934;Peru;2000
39834;Peru;2010
0;Philippines;1900
0;Philippines;1910
0;Philippines;1920
20;Philippines;1930
0;Philippines;1940
2101;Philippines;1950
44952;Philippines;1960
241642;Philippines;1970
2076;Philippines;1980
1903346;Philippines;1990
73843;Philippines;2000
4346703;Philippines;2010
0;Poland;1920
0;Poland;1930
0;Poland;1940
0;Poland;1950
0;Poland;1960
0;Poland;1970
105;Poland;1980
0;Poland;1990
0;Poland;2000
0;Poland;2010
0;Portugal;1900
0;Portugal;1910
0;Portugal;1920
0;Portugal;1930
0;Portugal;1940
0;Portugal;1950
108;Portugal;1960
0;Portugal;1970
2190;Portugal;1980
110;Portugal;1990
0;Portugal;2000
0;Portugal;2010
0;Puerto Rico;1910
0;Puerto Rico;1920
0;Puerto Rico;1930
0;Puerto Rico;1940
0;Puerto Rico;1950
0;Puerto Rico;1960
0;Puerto Rico;1970
0;Puerto Rico;1980
0;Puerto Rico;1990
0;Puerto Rico;2000
0;Puerto Rico;2010
0;Qatar;2010
0;Reunion;1940
0;Reunion;1950
0;Reunion;1960
0;Reunion;1970
0;Reunion;1980
0;Reunion;1990
0;Reunion;2000
0;Reunion;2010
0;Romania;1900
0;Romania;1910
0;Romania;1920
0;Romania;1930
0;Romania;1940
0;Romania;1950
0;Romania;1960
38630;Romania;1970
0;Romania;1980
655;Romania;1990
0;Romania;2000
0;Romania;2010
14352;Russia;1990
45838;Russia;2000
0;Russia;2010
0;Rwanda;1970
0;Rwanda;1980
0;Rwanda;1990
2286;Rwanda;2000
0;Rwanda;2010
0;Saint Barthelemy;2010
0;Ascension and Tristan da Cunha;2000
0;Saint Kitts and Nevis;1920
0;Saint Kitts and Nevis;1930
0;Saint Kitts and Nevis;1940
0;Saint Kitts and Nevis;1950
0;Saint Kitts and Nevis;1960
0;Saint Kitts and Nevis;1970
0;Saint Kitts and Nevis;1980
0;Saint Kitts and Nevis;1990
0;Saint Kitts and Nevis;2000
0;Saint Kitts and Nevis;2010
0;Saint Lucia;1960
0;Saint Lucia;1970
0;Saint Lucia;1980
0;Saint Lucia;1990
0;Saint Lucia;2000
0;Saint Lucia;2010
0;Saint Martin (French Part);2010
0;Saint Vincent and the Grenadines;1900
0;Saint Vincent and the Grenadines;1910
0;Saint Vincent and the Grenadines;1920
0;Saint Vincent and the Grenadines;1930
0;Saint Vincent and the Grenadines;1940
0;Saint Vincent and the Grenadines;1950
0;Saint Vincent and the Grenadines;1960
0;Saint Vincent and the Grenadines;1970
0;Saint Vincent and the Grenadines;1980
0;Saint Vincent and the Grenadines;1990
0;Saint Vincent and the Grenadines;2000
0;Saint Vincent and the Grenadines;2010
0;Samoa;1960
0;Samoa;1970
0;Samoa;1980
0;Samoa;1990
5584;Samoa;2000
0;Samoa;2010
0;Sao Tome and Principe;1980
0;Saudi Arabia;1960
0;Saudi Arabia;1970
0;Saudi Arabia;1980
0;Saudi Arabia;1990
0;Saudi Arabia;2000
0;Saudi Arabia;2010
0;Senegal;1910
0;Senegal;1920
0;Senegal;1930
0;Senegal;1940
0;Senegal;1950
0;Senegal;1960
0;Senegal;1970
0;Senegal;1980
0;Senegal;1990
0;Senegal;2000
0;Senegal;2010
0;Serbia;2000
2703;Serbia;2010
0;Serbia-Montenegro;1990
10;Serbia-Montenegro;2000
0;Seychelles;1990
483;Seychelles;2000
0;Seychelles;2010
0;Sierra Leone;1970
0;Sierra Leone;1980
0;Sierra Leone;1990
0;Sierra Leone;2000
0;Sierra Leone;2010
0;Sint Maarten (Dutch part);2010
0;Slovakia;1990
0;Slovakia;2000
0;Slovakia;2010
70;Slovenia;1990
605;Slovenia;2000
0;Slovenia;2010
0;Solomon Islands;1930
0;Solomon Islands;1940
0;Solomon Islands;1950
0;Solomon Islands;1960
1002;Solomon Islands;1970
50;Solomon Islands;1980
0;Solomon Islands;1990
2384;Solomon Islands;2000
14225;Solomon Islands;2010
0;Somalia;1960
0;Somalia;1970
0;Somalia;1980
0;Somalia;1990
105083;Somalia;2000
0;Somalia;2010
0;South Africa;1950
100;South Africa;1960
0;South Africa;1970
0;South Africa;1980
44962;South Africa;1990
45143;South Africa;2000
2002;South Africa;2010
0;South America;1900
0;South America;1910
0;South America;1920
5850;South America;1930
258733;South America;1940
41356;South America;1950
2260584;South America;1960
7363099;South America;1970
1770432;South America;1980
1617514;South America;1990
1079644;South America;2000
4372397;South America;2010
0;South Korea;1930
0;South Korea;1940
0;South Korea;1950
0;South Korea;1960
0;South Korea;1970
0;South Korea;1980
0;South Korea;1990
0;South Korea;2000
34889;South Korea;2010
0;South Sudan;2000
0;South Sudan;2010
125112;Soviet Union;1900
0;Soviet Union;1910
0;Soviet Union;1920
0;Soviet Union;1930
0;Soviet Union;1940
0;Soviet Union;1950
10000;Soviet Union;1960
0;Soviet Union;1970
1926289;Soviet Union;1980
281008;Soviet Union;1990
0;Spain;1940
7;Spain;1950
0;Spain;1960
0;Spain;1970
0;Spain;1980
2;Spain;1990
0;Spain;2000
1530;Spain;2010
0;Sri Lanka;1950
0;Sri Lanka;1960
0;Sri Lanka;1970
0;Sri Lanka;1980
0;Sri Lanka;1990
1019306;Sri Lanka;2000
0;Sri Lanka;2010
0;Sudan;1970
0;Sudan;1980
8015;Sudan;1990
0;Sudan;2000
0;Sudan;2010
0;Suriname;1960
0;Suriname;1970
0;Suriname;1980
0;Suriname;1990
0;Suriname;2000
0;Sweden;1970
0;Sweden;1980
0;Sweden;1990
0;Sweden;2000
0;Sweden;2010
0;Switzerland;1950
0;Switzerland;1960
0;Switzerland;1970
0;Switzerland;1980
0;Switzerland;1990
0;Switzerland;2000
0;Switzerland;2010
0;Syria;1960
0;Syria;1970
0;Syria;1980
0;Syria;1990
0;Syria;2000
0;Syria;2010
28684;Taiwan;1900
2628;Taiwan;1910
417;Taiwan;1920
258921;Taiwan;1930
9188;Taiwan;1940
12809;Taiwan;1950
62503;Taiwan;1960
0;Taiwan;1970
45081;Taiwan;1980
108918;Taiwan;1990
542;Taiwan;2000
2522;Taiwan;2010
0;Tajikistan;1910
0;Tajikistan;1920
0;Tajikistan;1930
0;Tajikistan;1940
0;Tajikistan;1950
0;Tajikistan;1960
0;Tajikistan;1970
0;Tajikistan;1980
0;Tajikistan;1990
3016;Tajikistan;2000
18502;Tajikistan;2010
50;Tanzania;1960
0;Tanzania;1970
0;Tanzania;1980
0;Tanzania;1990
8491;Tanzania;2000
139601;Tanzania;2010
0;Thailand;1960
0;Thailand;1970
0;Thailand;1980
0;Thailand;1990
67007;Thailand;2000
17539;Thailand;2010
0;Timor;2000
2003;Timor;2010
0;Togo;1960
0;Togo;1970
0;Togo;1980
0;Togo;1990
0;Togo;2000
0;Togo;2010
0;Tonga;1940
0;Tonga;1950
0;Tonga;1960
5505;Tonga;1970
0;Tonga;1980
0;Tonga;1990
507;Tonga;2000
0;Tonga;2010
0;Trinidad and Tobago;1930
0;Trinidad and Tobago;1940
0;Trinidad and Tobago;1950
0;Trinidad and Tobago;1960
0;Trinidad and Tobago;1970
0;Trinidad and Tobago;1980
45108;Trinidad and Tobago;1990
0;Trinidad and Tobago;2000
0;Trinidad and Tobago;2010
0;Tunisia;1950
0;Tunisia;1960
0;Tunisia;1970
0;Tunisia;1980
0;Tunisia;1990
0;Tunisia;2000
0;Tunisia;2010
6000;Turkey;1900
69895;Turkey;1910
7478;Turkey;1920
868;Turkey;1930
5355;Turkey;1940
50519;Turkey;1950
469243;Turkey;1960
454979;Turkey;1970
1605892;Turkey;1980
3711194;Turkey;1990
60791;Turkey;2000
48901;Turkey;2010
0;Turkmenistan;1990
0;Turkmenistan;2000
0;Turks and Caicos Islands;1980
0;Turks and Caicos Islands;1990
0;Turks and Caicos Islands;2000
0;Turks and Caicos Islands;2010
0;Tuvalu;1970
0;Tuvalu;1980
0;Tuvalu;1990
0;Tuvalu;2000
0;Tuvalu;2010
551;Uganda;1960
0;Uganda;1970
200;Uganda;1980
5000;Uganda;1990
0;Uganda;2000
59;Uganda;2010
0;Ukraine;1990
0;Ukraine;2000
0;Ukraine;2010
0;United Arab Emirates;2010
0;United Kingdom;1950
0;United Kingdom;1960
0;United Kingdom;1970
0;United Kingdom;1980
0;United Kingdom;1990
4501;United Kingdom;2000
0;United Kingdom;2010
84564;United States;1900
0;United States;1910
0;United States;1920
0;United States;1930
0;United States;1940
47;United States;1950
0;United States;1960
3571;United States;1970
8098;United States;1980
30901;United States;1990
31366;United States;2000
415;United States;2010
0;United States Virgin Islands;1980
0;United States Virgin Islands;1990
0;United States Virgin Islands;2000
0;United States Virgin Islands;2010
17754;Upper middle income;1900
70049;Upper middle income;1910
15546;Upper middle income;1920
86697;Upper middle income;1930
394756;Upper middle income;1940
265413;Upper middle income;1950
1046022;Upper middle income;1960
12316508;Upper middle income;1970
6035252;Upper middle income;1980
19668461;Upper middle income;1990
6543811;Upper middle income;2000
1540192;Upper middle income;2010
0;Uruguay;1960
0;Uruguay;1970
0;Uruguay;1980
0;Uruguay;1990
0;Uruguay;2000
0;Uruguay;2010
5000;Uzbekistan;1990
0;Uzbekistan;2000
0;Uzbekistan;2010
0;Vanuatu;1940
0;Vanuatu;1950
0;Vanuatu;1960
0;Vanuatu;1970
0;Vanuatu;1980
14102;Vanuatu;1990
1003;Vanuatu;2000
0;Vanuatu;2010
0;Venezuela;1950
81536;Venezuela;1960
0;Venezuela;1970
3186;Venezuela;1980
4183;Venezuela;1990
0;Venezuela;2000
0;Venezuela;2010
0;Vietnam;1950
0;Vietnam;1960
0;Vietnam;1970
0;Vietnam;1980
0;Vietnam;1990
0;Vietnam;2000
0;Vietnam;2010
0;Wallis and Futuna;1960
0;Wallis and Futuna;1970
0;Wallis and Futuna;1980
2;Wallis and Futuna;1990
0;Wallis and Futuna;2000
0;Wallis and Futuna;2010
592749;World;1900
76532;World;1910
449149;World;1920
50820;World;1930
902896;World;1940
588765;World;1950
4073442;World;1960
17343127;World;1970
32568307;World;1980
24622267;World;1990
82543498;World;2000
37218748;World;2010
40039;Yemen;1990
0;Yemen;2000
0;Yemen;2010
0;Yugoslavia;1940
0;Yugoslavia;1950
326316;Yugoslavia;1960
31018;Yugoslavia;1970
666;Yugoslavia;1980
0;Yugoslavia;1990
0;Zambia;1970
0;Zambia;1980
0;Zambia;1990
0;Zambia;2000
0;Zambia;2010
0;Zimbabwe;1970
0;Zimbabwe;1980
0;Zimbabwe;1990
0;Zimbabwe;2000
0;Zimbabwe;2010
